{"cameraMode":{"drawMode":0,"name":"Shaded","section":"Shading Mode"},"sceneLighting":true,"audioPlay":false,"sceneViewState":{"showFog":true,"showMaterialUpdate":true,"showSkybox":true,"showFlares":true,"showImageEffects":true,"showParticleSystems":true},"in2DMode":false,"pivot":{"x":-0.5848684310913086,"y":0.15157252550125123,"z":-1.2079936265945435},"rotation":{"x":-0.23581984639167787,"y":0.5572955012321472,"z":-0.16892299056053163,"w":-0.7779947519302368},"size":5.14523458480835,"orthographic":false}